variable,count,mean,std,min,25%,50%,75%,max,original
dummy1,1000.0,-1.2730998140847271e-05,0.011884788853879547,-0.0384328236815818,-0.00807960659735865,0.00044406701111645,0.007897113333356675,0.0341651383477419,-0.0140205780709172
dummy2,1000.0,1.4582913717431729e-05,0.00958762414280106,-0.0249244262493171,-0.006361893295653474,0.00013398765284650002,0.006402414118363975,0.0291257167417384,-0.0045898419514003
x1,1000.0,-0.05421044448420831,2.865829598142616,-7.211779307740378,-1.950414955147599,-0.0691551716800895,1.7635562020790883,28.20261034124023,28.20261034124023
x2,1000.0,0.28205084869140423,8.182988407584604,-22.07720269066945,-4.897763948457259,0.004232315878485601,5.544488793131422,75.05021460223446,75.05021460223446
x3,1000.0,-0.03246704669456303,1.8906546713915986,-6.531109177426501,-1.2883263053702125,0.06105040050260835,1.2385990704290282,17.752590651212444,17.752590651212444
